Aikaleima,kayttaja,Tanaan herasin taynna energiaa,Minulla on suunnitelmia ensi viikonlopulle,Olen liikkunut tanaan riittavasti,Aion olla hyvassa kunnossa ensi kesana,Nukuin viime yon surkeasti,Haluaisin vaihtaa alaa
7.6.2020,123098,3,5,4,3,4,2
7.6.2020,98123,1,2,2,1,4,5
7.6.2020,234789,5,4,5,5,1,2
7.6.2020,345876,3,4,3,3,2,2
7.6.2020,543567,4,5,3,4,4,5
7.6.2020,333666,3,4,4,3,2,3
7.6.2020,678876,2,3,1,3,3,2
7.6.2020,999777,2,1,2,2,5,4
8.6.2020,123098,2,5,4,4,1,2
8.6.2020,98123,4,2,4,3,5,4
8.6.2020,234789,3,3,4,2,4,3
8.6.2020,345876,5,4,2,4,3,4
8.6.2020,543567,5,5,3,5,4,1
8.6.2020,333666,4,3,5,3,1,2
8.6.2020,678876,2,2,2,2,3,4
8.6.2020,999777,1,2,1,1,3,2
